Site_Name,Province,PA,CPA,Management_Zone,Area_Hectares,Trees_Planted,Target_Species,Latitude,Longitude
Site 01,Mondulkiri,Sre Pok WS,CPA 4,Community Use Zone,48,25440,Beng (Afzelia xylocarpa),13.4125,107.3214
Site 02,Mondulkiri,Phnom Prich WS,CPA 2,Conservation Zone,35.8,18401,Thnong (Pterocarpus macrocarpus),12.8763,106.8427
Site 03,Mondulkiri,Phnom Prich WS,CPA 4,Conservation Zone,34,19278,Neang Nuon (Dalbergia oliveri),13.2561,106.9832
Site 04,Mondulkiri,Sre Pok WS,CPA 1,Conservation Zone,46.2,18895,Khlong (Dialium cochinchinense),13.5284,107.1125
Site 05,Mondulkiri,Sre Pok WS,CPA 5,Community Use Zone,20,10640,Trach (Dipterocarpus alatus),13.1048,107.6541
Site 06,Mondulkiri,Phnom Prich WS,CPA 3,Conservation Zone,26.8,14498,Traeng (Lagerstroemia calyculata),12.6452,106.7348
Site 07,Mondulkiri,Sre Pok WS,CPA 1,Sustianable Use Zone,29.7,16156,Beng (Afzelia xylocarpa),13.6731,107.2035
Site 08,Mondulkiri,Phnom Prich WS,CPA 1,Core Zone,6.5,2951,Thnong (Pterocarpus macrocarpus),12.9872,106.5148
Site 09,Mondulkiri,Sre Pok WS,CPA 4,Conservation Zone,54,22572,Neang Nuon (Dalbergia oliveri),13.4517,107.5562
Site 10,Mondulkiri,Phnom Prich WS,CPA 3,Community Use Zone,20.5,8261,Khlong (Dialium cochinchinense),12.4338,106.8915
Site 11,Mondulkiri,Phnom Prich WS,CPA 1,Sustianable Use Zone,39.8,20656,Trach (Dipterocarpus alatus),13.1289,106.6621
Site 12,Mondulkiri,Phnom Prich WS,CPA 6,Sustianable Use Zone,29.5,14956,Traeng (Lagerstroemia calyculata),13.7426,107.4488
Site 13,Mondulkiri,Sre Pok WS,CPA 5,Community Use Zone,3,1878,Beng (Afzelia xylocarpa),12.7815,106.9254
Site 14,Mondulkiri,Phnom Prich WS,CPA 2,Conservation Zone,5.2,2667,Thnong (Pterocarpus macrocarpus),13.3672,107.2685
Site 15,Mondulkiri,Sre Pok WS,CPA 1,Core Zone,23.1,10464,Neang Nuon (Dalbergia oliveri),13.5968,107.7192
Site 16,Mondulkiri,Phnom Prich WS,CPA 4,Conservation Zone,22.3,14383,Khlong (Dialium cochinchinense),12.5841,106.4726
Site 17,Mondulkiri,Phnom Prich WS,CPA 2,Sustianable Use Zone,12.5,7900,Trach (Dipterocarpus alatus),13.2947,107.0249
Site 18,Mondulkiri,Sre Pok WS,CPA 6,Community Use Zone,11.2,6440,Traeng (Lagerstroemia calyculata),13.8154,107.6123
Site 19,Mondulkiri,Phnom Prich WS,CPA 1,Core Zone,5.5,2920,Beng (Afzelia xylocarpa),12.6985,106.8331
Site 20,Mondulkiri,Phnom Prich WS,CPA 5,Community Use Zone,24.9,11827,Thnong (Pterocarpus macrocarpus),13.2256,107.1587
Site 21,Mondulkiri,Phnom Prich WS,CPA 4,Core Zone,9.6,4521,Neang Nuon (Dalbergia oliveri),12.9423,106.5482
Site 22,Mondulkiri,Sre Pok WS,CPA 4,Sustianable Use Zone,6.6,3055,Khlong (Dialium cochinchinense),13.4827,107.3956
Site 23,Mondulkiri,Phnom Prich WS,CPA 2,Community Use Zone,7.8,3775,Trach (Dipterocarpus alatus),13.7548,107.7421
Site 24,Mondulkiri,Phnom Prich WS,CPA 1,Sustianable Use Zone,33.7,21332,Traeng (Lagerstroemia calyculata),12.3116,106.6237
Site 25,Mondulkiri,Phnom Prich WS,CPA 1,Community Use Zone,34.1,14219,Beng (Afzelia xylocarpa),13.1869,106.9125
Site 26,Mondulkiri,Sre Pok WS,CPA 5,Sustianable Use Zone,6.9,4057,Thnong (Pterocarpus macrocarpus),13.6482,107.2814
Site 27,Mondulkiri,Phnom Prich WS,CPA 3,Community Use Zone,44.2,18608,Neang Nuon (Dalbergia oliveri),12.5562,106.7418
Site 28,Mondulkiri,Sre Pok WS,CPA 1,Community Use Zone,52.1,28446,Khlong (Dialium cochinchinense),13.3374,107.0813
Site 29,Mondulkiri,Sre Pok WS,CPA 1,Core Zone,34.7,19536,Trach (Dipterocarpus alatus),13.7215,107.5346
Site 30,Mondulkiri,Sre Pok WS,CPA 6,Community Use Zone,23.2,11878,Traeng (Lagerstroemia calyculata),12.8859,106.6924
